YYYY-MM;tip_percentage;trips_number
2021/12;0.159734;2361627;
2022/01;0.156247;1874779;
2022/02;0.156726;2296156;
