YYYY-MM;tip percentage;trips number
2021-12;0.15973426958603487;2361627
2022-01;0.15624681545577337;1874779
2022-02;0.15672618046552844;2296156
